item,times_ordered,last_ordered
Hammer Zero Mercy Solid 15 lb,38,2026-08-10
Hammer Zero Mercy Solid 14 lb,33,2026-08-26
Hammer Tour V1 15 lb,28,2026-02-02
Hammer Zero Mercy Pearl 15 lb,23,2026-06-22
Hammer NU 2.0 14 lb,22,2026-05-26
Hammer Pure Envy 15 lb,20,2025-05-14
C300 Boss Triple Roller,20,2026-01-19
Storm Phaze II Pearl 15 lb,20,2026-04-20
Hammer Black Widow Mania 15 lb,18,2026-08-10
Hammer Zero Mercy Pearl 14 lb,18,2026-06-02
Hammer Arctic Vibe 14 lb,16,2025-11-28
Ebonite Turbo X 15 lb,16,2026-01-07
Hammer Bubblegum Vibe 15 lb,16,2025-10-23
Hammer Maximum Effect 15 lb,16,2025-10-22
Hammer NU 2.0 15 lb,16,2026-02-23
Brunswick Danger Zone Solid 15 lb,16,2026-03-30
Hammer Spawn 15 lb,16,2026-08-10
Storm Concept 15 lb,15,2026-08-24
Hammer Arctic Vibe 12 lb,14,2026-01-21
Master skin patch,14,2026-04-27
Motiv Venom Shock 15 lb,14,2026-01-15
C300 Piranha 15 lb,14,2026-03-09
Hammer Ocean Vibe 14 lb,12,2026-02-12
Brunswick Big B Ball Cleaner,12,2026-02-20
Brunswick Danger Zone Pearl 15 lb,12,2026-04-10
Brunswick Danger Zone Solid 14 lb,12,2026-06-01
Storm Typhoon 15 lb,11,2025-11-10
Motiv Max Thrill Hybrid 15 lb,11,2026-03-03
Roto Grip Gremlin 15 lb,11,2026-08-10
Brunswick Prism size 11,11,2026-08-26
Hammer Black Widow Dynasty 3.0 15 lb,11,2026-03-02
Storm Equinox 15 lb,10,2025-08-25
Hammer NU Blue 15 lb,10,2025-10-16
TG red 47,10,2025-11-05
Hammer Arctic Vibe 15 lb,10,2026-06-02
TG blue 23,10,2026-04-07
Tac Up Ball Cleaner,10,2025-12-02
TG black 23,10,2026-05-21
Storm Ion Pro Solid 15 lb,10,2026-05-21
TG white 21,10,2026-06-22
Storm Bionic 15 lb,10,2026-04-20
Hammer Hazmat Pearl 15 lb,9,2025-08-12
Wristmaster II RH XL,9,2026-08-10
Hammer Full Effect 15 lb,9,2026-05-21
C300 WD Peek-A-Boo Berry 15 lb,8,2025-03-24
Hammer Pure Envy 14 lb,8,2025-07-08
Hammer Black Widow Mania 14 lb,8,2026-03-16
Storm Physix Blackout 15 lb,8,2025-02-24
TG blue 11,8,2025-08-18
Roto Grip RST Hyperdrive 15 lb,8,2025-03-31
TG pink 43,8,2025-11-05
Jopo Outer Sleeves,8,2025-10-16
Turbo Big Red Tape,8,2026-04-20
TG pink 3,8,2025-11-05
Brunswick #6 sole,8,2026-01-08
Storm Equinox 14 lb,8,2025-09-07
Storm Typhoon 14 lb,8,2026-01-08
TG white 47,8,2025-11-05
TG black 41,8,2026-02-09
KR Pro Force Glove RH L,8,2026-03-23
Brunswick Pro Wrist Support XL,8,2026-02-09
TG white 45,8,2026-03-02
Wristmaster II RH M,8,2026-07-30
Hammer Anger Solid 15 lb,8,2025-10-08
C300 Pulse 15 lb,8,2025-07-28
Hammer Bubblegum Vibe 14 lb,8,2025-09-12
TG black 21,8,2026-03-02
TG blue 21,8,2026-03-02
TG red 21,8,2026-03-02
Roto Grip RST Hyperdrive Pearl 15 lb,8,2025-11-10
Hammer Maximum Effect 14 lb,8,2025-12-24
Radical Guru Oracle 15 lb,8,2025-10-22
Storm Next Factor 15 lb,8,2026-06-08
Hammer Hammerhead Pearl 15 lb,8,2026-05-04
900 Global Vengeance 15 lb,8,2026-05-21
Storm Bionic 15 lb (2),8,2026-06-01
Storm Alpha Crux 15 lb,8,2026-06-02
Hammer Deep Ocean Vibe 15 lb,8,2026-08-16
Motiv Apex Jackyl 15 lb,7,2025-12-31
Hammer Dynasty 15 lb,7,2026-01-15
Brunswick Crown Victory Pearl 15 lb,7,2026-05-21
Hammer Fallout 14 lb,7,2026-08-10
Storm Phaze II 15 lb,6,2026-01-19
Vise K + tape black,6,2025-05-28
C300 Ricochet Pearl 15 lb,6,2025-03-31
Hammer Purple Urethane 15 lb,6,2025-09-08
Hammer Black Widow Mania 12 lb,6,2025-01-29
Hammer Arctic Vibe 10 lb,6,2026-07-30
TG clear 47,6,2025-09-18
TG black 51,6,2025-04-13
TG black 13,6,2025-08-18
Hammer Scorpion Low Flare 15 lb,6,2025-02-10
C300 Piranha PowerCor Pearl 15 lb,6,2025-03-03
Hammer Scorpion Low Flare 14 lb,6,2025-02-10
900 Global Zen 25 14 lb,6,2025-03-24
Hammer shoe brush,6,2025-05-28
TG pink 13,6,2025-11-17
Storm IQ Tour AI 15 lb,6,2025-03-24
TG yellow 23,6,2026-02-09
Brunswick Ivory Rhino Pro 15 lb,6,2025-05-05
TG white 13,6,2025-08-18
TG black 3,6,2025-08-18
TG black 25,6,2026-01-15
Dexter S12 sole,6,2026-05-11
TG white 5,6,2025-08-18
TG red 11,6,2026-01-15
TG white 11,6,2025-11-05
Track Theorem Solid 15 lb,6,2025-10-06
C300 Pulse 14 lb,6,2025-11-10
Radical Torpedo 14 lb,6,2025-10-01
JoPo Outer Sleeves,6,2026-03-16
TG black 11,6,2026-02-09
TG white 43,6,2026-05-21
TG white 23,6,2026-03-02
TG red 25,6,2026-03-02
Track Theorem Solid 16 lb,6,2026-01-26
C300 Pulse 16 lb,6,2025-09-29
Jopo Twist Tool,6,2025-10-06
Brunswick Move periwinkle size 7.5,6,2025-12-29
TG green 49,6,2026-04-07
Brunswick Move periwinkle size 7,6,2026-03-09
Storm EquinoX Solid 15 lb,6,2025-10-20
C300 Ricochet Return 15 lb,6,2025-10-22
TG orange 49,6,2026-02-09
Brunswick Prism size 10.5,6,2026-06-02
TG black 39,6,2026-03-02
Roto Grip Rock Star Amped 15 lb,6,2025-11-20
TG red 43,6,2026-02-20
Storm Ion Max Pearl 15 lb,6,2026-05-21
Roto Grip Transformer - 15lbs,6,2026-03-30
Dexter SST 6 Hybrid BOA red/black size 10,6,2026-06-01
Vengeance Returns 15lb,6,2026-06-25
900 Global Zen 25 15 lb,5,2025-01-20
Hammer Ocean Vibe 15 lb,5,2026-08-10
Turbo switch a roo,5,2025-06-12
Storm Ion Pro Solid 14 lb,5,2026-08-10
Brunswick Prism 8.5,5,2026-03-09
Motiv Nebula 15 lb,5,2026-03-03
Wristmaster II RH S,5,2026-08-10
Brunswick Prism size 11.5,5,2026-08-24
Hammer Full Effect 14 lb,5,2026-04-27
Zero Mercy Pearl 14lb Ball,5,2026-03-30
Hammer Purple Pearl Urethane 78 D 15 lb,5,2026-03-30
Venom Hysteria 15 lb,5,2026-06-01
Hammer Black Widow Dynasty 15 lb,5,2026-08-26
Hammer Fallout 15 lb,5,2026-08-10
TG yellow 21,4,2026-03-02
TG pink 21,4,2026-01-15
Turbo interchangeable fingers,4,2025-01-13
Storm IQ Tour Solid 15 lb,4,2025-02-03
Storm Ion Max 14 lb,4,2025-03-31
Hammer Effect Tour 15 lb,4,2025-01-17
Roto Grip Rock Star 15 lb,4,2025-02-18
Hammer Black Pearl Urethane 15 lb,4,2025-03-03
Tac Up ball cleaner,4,2025-03-31
TG pink 39,4,2026-01-15
TG clear 23,4,2025-04-13
KR Aviator blue size 9,4,2025-03-17
KR Aviator blue size 9.5,4,2025-03-03
Hammer Premium Slim Triple Tote,4,2026-02-16
TG pink 49,4,2025-06-12
C300 WD Peek-A-Boo Berry 12 lb,4,2025-02-24
Jopo Twist Outer Sleeves,4,2025-02-24
Hammer Arctic Vibe 11 lb,4,2025-10-06
Brunswick Slingshot size 9,4,2025-09-25
Wizard all season plug kit,4,2025-03-03
Brunswick shoe shield M,4,2025-05-28
Brunswick shoe shield L,4,2025-05-28
Hammer Special Effect 15 lb,4,2025-03-24
TG pink 25,4,2025-04-13
Hammer Special Effect 14 lb,4,2025-04-13
Brunswick shoe slide black,4,2025-05-05
Roto Grip Attention Star S2 15 lb,4,2025-04-20
Hammer Ocean Vibe 12 lb,4,2025-09-17
C300 White Dot Diamond 14 lb,4,2025-06-18
Hammer Premium Towels,4,2026-01-21
Brunswick #8 sole,4,2025-06-12
Storm IQ AI 14 lb,4,2025-07-09
C300 Pirahna PowerCor 14 lb,4,2025-05-05
TG pink 45,4,2025-11-05
TG pink 47,4,2025-06-18
TG black 49,4,2025-11-05
Storm IQ Tour 14 lb,4,2026-01-08
Hammer Hazmat Pearl 14 lb,4,2025-05-18
Dexter S10 sole standard,4,2026-02-09
Hammer Hammerhead 15 lb,4,2025-11-17
Hammer Arctic Vibe 13 lb,4,2025-05-28
Jopo Blank Inner,4,2025-06-30
Storm accessory bag,4,2026-03-16
TG green 13,4,2025-06-18
Hammer Premium Towel,4,2025-10-22
Ebonite Turbo X 14 lb,4,2025-07-28
TG white 19,4,2025-09-18
TG pink 23,4,2025-11-05
TG purple 13,4,2026-04-07
TG purple 25,4,2026-03-02
TG blue 43,4,2025-08-18
Brunswick #10 sole,4,2025-10-16
TG white 3,4,2026-01-15
Storm IQ 78U 15 lb,4,2026-04-20
Brunswick T-Zone Deep Space 12 lb,4,2025-08-27
Brunswick shoe brush,4,2025-10-22
KR Pro Force glove RH XL,4,2026-04-15
Storm Identity 15 lb,4,2025-07-09
Dexter #6 sole,4,2026-03-09
Brunswick Prism blue size 11,4,2025-10-16
TG black 47,4,2025-08-18
Brunswick Prism black size 11.5,4,2025-10-08
Track Theorem Solid 14 lb,4,2025-10-06
C300 White Dot Peek-A-Boo Berry 12 lb,4,2025-09-29
Hammer NU Blue 14 lb,4,2025-09-18
Brunswick Infinity Quest 15 lb,4,2025-09-12
Brunswick Infinity Quest 14 lb,4,2025-08-25
Motiv Evoke Hysteria 15 lb,4,2025-10-06
Motiv Jackal Ghost 15 lb,4,2025-08-18
Motiv Evoke Hysteria 16 lb,4,2025-09-08
Turbo switch grip inner urethane black,4,2025-11-05
Turbo switch grip inner blank black,4,2025-11-05
Turbo switch grip outer sleeves,4,2025-11-05
Turbo fitting tape beige 30 pc packs,4,2025-11-05
Master Skin Patch,4,2025-09-07
Ebonite The One Ovation 15 lb,4,2025-09-10
Hammer Anger Pearl 15 lb,4,2025-09-17
Hammer Tour V1 14 lb,4,2025-09-29
TG white 41,4,2025-11-17
TG yellow 49,4,2025-11-17
Brunswick T-zone berry blast 14 lb,4,2026-06-30
Brunswick Move periwinkle size 8,4,2025-10-14
Brunswick Prism black size 10.5,4,2025-10-14
Brunswick Move Periwinkle size 6.5,4,2025-10-14
Brunswick Move periwinkle size 9,4,2025-10-14
Brunswick Prism black size 10,4,2025-10-14
Brunswick Prism black size 11,4,2026-01-15
Brunswick Prism black size 12,4,2025-10-14
TG orange 53,4,2025-11-17
Brunswick Sidekick Tote,4,2026-03-02
Brunswick Prism 9.5,4,2025-11-17
Storm EquinoX Solid 14 lb,4,2025-11-17
Radical Evil Eye 14 lb,4,2025-12-15
C300 Ricochet Return 14 lb,4,2026-01-24
Hammer NU 2.0,4,2025-12-16
TG green 23,4,2026-06-22
TG red 45,4,2026-03-02
TG red 23,4,2026-02-02
TG red 3,4,2026-03-02
TG white 49,4,2026-03-02
TG ice 11,4,2026-01-15
Brunswick Move black size 9,4,2026-03-09
Storm Tropical Surge pink/purple 11 lb,4,2025-11-23
TG red 5,4,2026-01-15
TG blue 5,4,2026-02-09
TG ice 49,4,2025-11-23
Hammer Zero Mercy Solid 16 lb,4,2026-02-27
Hammer NU 2.0 16 lb,4,2026-03-02
C300 Street Rally 15 lb,4,2025-12-26
Brunswick Alert 14 lb,4,2025-12-11
Dexter Turbo BOA white size 10.5,4,2026-01-07
Storm Next Factor 14 lb,4,2026-01-07
Brunswick Danger Zone Pearl 14 lb,4,2026-06-01
Hammer Black Widow Tote w/Pouch,4,2025-12-16
Hammer Hammerhead Pearl 14 lb,4,2026-02-23
TG ice 39,4,2026-01-15
Hammer Dynasty 14 lb,4,2026-01-12
Brunswick Punisher Double Roller grey,4,2026-02-02
TG purple 23,4,2026-03-02
TG blue 45,4,2026-03-02
"1 1/4"" slug red/green",4,2026-02-02
Arctic Vibe - 13lbs,4,2026-01-19
Brunswick Move size 9,4,2026-05-28
Storm Phaze II Pearl 14 lb,4,2026-02-20
Hammer Tour V1 15 lb (2),4,2026-04-10
TG blue 51,4,2026-02-09
TG yellow 43,4,2026-03-02
Brunswick Prism size 13,4,2026-03-02
Hammer widow 3.0 Dynasty 15 lb,4,2026-02-02
Motiv Evoke Mayhem - 15 lb,4,2026-02-09
Brunswick Combat 14 lb,4,2026-04-10
JoPo Outer sleeves,4,2026-03-02
Wristmaster II RH L,4,2026-06-02
Turbo wrister L,4,2026-03-23
Hammer Zero Mercy Pearl 16 lb,4,2026-04-27
Brunswick Prism size 12,4,2026-07-30
Master Giant Rosin Bag,4,2026-04-27
TG orange 45,4,2026-06-22
Roto Grip Gremlin Tour-X 15lb,4,2026-03-30
Brunswick Prism size 10,4,2026-06-11
Storm Bionic 14 LB,4,2026-03-16
Storm Concept 14lbs,4,2026-03-16
Turbo Outer Sleeves (20),4,2026-03-30
Various black Vise grips,4,2026-03-30
Various clear Vise grips,4,2026-03-30
Brunswick Crown Victory Pearl 14 lb,4,2026-04-10
Shoe cover XL,4,2026-04-20
Storm Bionic 14lb,4,2026-04-20
Motiv Venom Hysteria 14 lb,4,2026-04-27
Track Stealth Mode Hybrid 14 lb,4,2026-04-20
Brunswick t-zone tote lime,4,2026-04-15
Hammer Black Widow 3.0 Dynasty — 14 lb,4,2026-04-20
Dexter SST 6 Hybrid BOA red/black size 11,4,2026-06-01
Storm Concept 14 lb,4,2026-06-01
Tac up ball cleaner (5),4,2026-05-04
Men’s Dexter THE9 11 slide sole shoe size 10.5,4,2026-04-27
Gremlin Tour-X - 15lb,4,2026-04-27
Turbo Smart Grip Balls (5),4,2026-05-28
Storm Monsoon 14lb,4,2026-05-04
Ebonite Turbo X NU 14 lb,4,2026-05-11
Ebonite Turbo X NU 15 lb,4,2026-05-11
Vise sanding pads 3000 (2),4,2026-07-07
KR Pro Force Glove RH M,4,2026-06-25
Storm IQ Tour Sapphire — 15 lb,4,2026-07-30
Roto Grip Wicked Gremlin — 15 lb,4,2026-07-30
Brunswick Prism size 9.5,3,2026-08-24
Brunswick Prism size 9,3,2026-08-24
Please enter the item you would like to order.,3,
Hammer single tote,3,2026-02-02
C300 Pirahna 14 lb,3,2026-02-02
C300 Pirahna 15 lb,3,2026-02-02
Hammer Purple Pearl Urethane 78D 14 lb,3,2026-03-02
Hammer Purple Pearl Urethane 78D 15 lb,3,2026-03-02
Motiv Supra 15 lb,3,2026-03-03
Motiv Hyper Venom 15 lm,3,2026-03-03
Roto Grip Transformer 15 lb,3,2026-03-09
Poop Emoji  grip sack (2),3,2026-03-23
Storm Monsoon 15lb,3,2026-04-15
KR Pro Force glove LH XL,3,2026-08-24
14 lb Swag dragon stained glass ball(for Carmine),3,2026-05-11
Roto Grip Hustle X-ray 15 lb,3,2026-05-11
Brunswick Hero - Size 12 - Male - Grey/black,3,2026-05-11
Roto Grip Cosmos — 15 lb,3,2026-08-26
Motiv Jackal Ghost V2 — 15 lb,3,2026-08-10
Brunswick Combat Solid 15 lb,3,2026-08-11
KR Aviator Black/Grey size 11,2,2025-01-06
KR Aviator Black/Grey size 9,2,2025-01-06
Hammer Raw Single Tote pink,2,2025-01-06
C300 WD Peek-A-Boo Berry 8 lb,2,2025-01-06
Robby Rev 3 LH XL,2,2025-01-06
Robby Rev 3 LH L,2,2025-01-06
Hammer Axe pink 15 lb,2,2025-01-06
Storm Summit Ascent 14 lb,2,2025-01-06
Sorm Lightning Blackout 14 lb,2,2025-01-06
Brunswick Rampage RH size 12,2,2025-01-06
Storm Level 15 lb - lighter one,2,2025-01-13
Hammer Mania 14 lb - lighter one,2,2025-01-13
Radical Rattler NU 15 lb,2,2025-01-13
Brunswick Fuse Chaos size 9,2,2025-01-13
Buffalo Bills ball 14 lb,2,2025-01-13
Dexter Kam Grey RH 9.5,2,2025-01-13
"TG MS Quad black 19, 39, 5, 21",2,2025-01-13
"TG MS Quad black 41, 17",2,2025-01-13
KR Arrow blue size 10,2,2025-01-15
Storm level 15 lb,2,2025-01-15
DV8 Trouble Maker Solid 15 lb,2,2025-01-15
"TG slug 1 1/4"" blk/white",2,2025-01-15
"TG slug 1 1/4"" blue/purple",2,2025-01-15
Storm Level 15 lb,2,2025-01-17
Storm Ion Pro 14 lb,2,2025-01-20
TG clear 39,2,2025-01-20
TG clear 21,2,2025-01-20
TG clear 29,2,2025-01-20
Brunswick T-Zone Frozen Bliss 15 lb,2,2025-01-20
Brunswick Rhino Metallic Bl/Blk 12 lbs,2,2025-01-27
Storm Phaze AI 15 lb,2,2025-01-27
Brunswick Avalanche grey size 7,2,2025-01-27
Brunswick Avalanche size grey 7,2,2025-01-27
Hammer Axe smoke/pink 15 lb,2,2025-01-27
Ebonite The One Reverb 12 lb,2,2025-01-29
DV8 Trouble Maker Solid 12 lb,2,2025-01-29
Brunswick Soul blue size 8,2,2025-01-29
"VG PO black 5, 6, 7.5, clear 5",2,2025-02-03
"VG PO clear 5.5, 7",2,2025-02-03
Wizard EZ Quick Plug 2 gallon kit,2,2025-02-03
Hammer Axe smoke/pink 14 lb,2,2025-02-03
TG Big Red Tape,2,2025-02-03
Hammer Premium Triple Roller,2,2025-02-03
Brunswick rosin bags,2,2025-02-05
Brunswick Nexxus black  size 7.5,2,2025-02-05
KR Aviator blue size 11,2,2025-02-05
Hammer Pure Envy 16 lb,2,2025-02-05
Hammer Raw teal/purple 14 lb,2,2025-02-10
Brunswick shoe cover blk XL,2,2025-02-10
"Vise black 3, 3.5",2,2025-02-10
TG MS pink size 35,2,2025-02-10
Hook It Ball Cleaner,2,2025-02-10
Storm Ion Max 15 lb,2,2025-02-13
Hammer accessory bag,2,2025-02-13
Brunswick Avalance black size 9.5,2,2025-02-13
Storm Ice teal/silver 15 lb,2,2025-02-18
Brunswick Rampage white size 13,2,2025-02-18
Brunswick Avanche grey size 9.5,2,2025-02-18
Hammer premium triple roller,2,2025-02-18
Hammer Anger 14 lb,2,2025-02-18
C300 WD Scarlet/Gold/Blk 13 lb,2,2025-02-24
C300 Piranha PowerCor Pearl 14 lb,2,2025-02-24
"KR Pro Force Glove L XL, R M & XL",2,2025-02-24
TG pink 51,2,2025-02-24
Hammer Hammerhead 15lb,2,2025-02-27
Rhino metallic Blue Black 10 lb,2,2025-03-03
Jopo Twist Blank Inner Sleeves,2,2025-03-03
TG pink 5,2,2025-03-05
TG MS clear 41,2,2025-03-05
TG MS clear 21,2,2025-03-05
TG MS clear 11,2,2025-03-05
TG MS clear 45,2,2025-03-05
TG MS clear 9,2,2025-03-05
TG MS clear 37,2,2025-03-05
TG MS black & clear 5,2,2025-03-05
TG MS black & clear 19,2,2025-03-05
TG MS black & clear 39,2,2025-03-05
"Ultimate slugs 1 1/4"" blue/purple",2,2025-03-05
Brunswick Avalanche grey size 10.5,2,2025-03-05
Dexter Turbo Pro white size 14,2,2025-03-05
KR Donut Triple Tote,2,2025-03-05
Brunswick Nexus black size 7.5,2,2025-03-05
Roto Grip Hustle RIP 14 lb,2,2025-03-05
Roto Grip Rock Star 14 lb,2,2025-03-06
Brunswick Nexus black size 7,2,2025-03-09
Brunswick Renegade grey size 12,2,2025-03-09
Hammer Premium towel,2,2025-03-09
Storm IQ 78U 14 lb,2,2025-03-17
Ebonite Crusher red/blk/orange 15 lb,2,2025-03-17
Roto Grip Rockstar 16 lb,2,2025-03-17
Hammer Raw smoke/blue/gold 14 lb,2,2025-03-17
TG MS black 35,2,2025-03-17
TG MS clear 35,2,2025-03-17
Brunswick Nexxus black size 6,2,2025-03-17
Brunswick Nexxus black size 9,2,2025-03-17
"Ultimate slugs 1 1/4"" black/white",2,2025-03-17
"Ultimate slugs 1 1/4"" pink/yellow",2,2025-03-17
Hammer #10 sole,2,2025-03-17
Dexter XL S8 sole,2,2025-03-17
Dexter XL S10 sole,2,2025-03-17
Roto Grip RST Hyperdrive 14 lb,2,2025-03-24
Hammer Anger 15 lb,2,2025-03-24
Hammer Axe Purple/Smoke 8 lb,2,2025-03-24
Brunswick Nexxus mauve size 7.5,2,2025-03-24
Brunswick Fuse Chaos size 13,2,2025-03-24
Super Dams rounds,2,2025-03-24
Hammer shoe slide black,2,2025-03-24
C300 Rally 15 lb,2,2025-03-25
Roto Grip RST Hyperdrive 16 lb,2,2025-03-31
Hammer Black Widow Mania 16 lb,2,2025-03-31
C300 Piranha PowerCor 14 lb,2,2025-03-31
Brunswick Scholar blue size 12,2,2025-03-31
Vise bowling ball compound 32 oz,2,2025-03-31
TG yellow 13,2,2025-03-31
"Turbo slugs 1 1/4"" black/white",2,2025-03-31
Item Description,2,
900 Global Harsh Reality Pearl 15 lb,2,2025-04-06
Radical The Spy 15 lb,2,2025-04-06
Hammer NU 15 lb,2,2025-04-06
Brunswick Zone Double Roller sky blue,2,2025-04-06
Hammer ball cup orange,2,2025-04-06
Hammer Black Pearl Urethane 14 lb,2,2025-04-07
Storm 3 Ball Travel Tote Pro Blk/Grey,2,2025-04-13
Brunswick Karma size 9,2,2025-04-13
"KR 1"" white tape",2,2025-04-13
"KR 3/4"" white tape",2,2025-04-13
Hammer Axe pink/purple 13 lb,2,2025-04-13
KR TPC blk/blue shoes size 10,2,2025-04-20
KR Pro Force Glove RH large,2,2025-04-20
Hammer Effect 3D Assault 15 lb,2,2025-04-20
Vise grips black 25/32 & 51/64,2,2025-04-20
Dexter #8 standard sole,2,2025-04-23
Turbo fitting tape blue roll,2,2025-04-23
KR TPC blk/gold shoes size 10,2,2025-04-23
Roto Grip Rockstar 15 lb,2,2025-04-23
C300 White Dot ScarletGold/Black 12 lb,2,2025-04-23
C300 White Dot ScarletGold/Black 15 lb,2,2025-04-23
Hammer Hammerhead 12 lb,2,2025-04-23
"Ultimate 1 1/4"" slugs blue/purple",2,2025-04-23
Storm 1 ball spare kit,2,2025-04-28
Brunswick Supreme see-saw,2,2025-04-28
TG yellow 39,2,2025-04-28
TG red 19,2,2025-04-28
Vise grips black 5/8,2,2025-04-28
Vise grips black 41/64,2,2025-04-28
Vise grips black 21/32,2,2025-04-28
Dexter S10 XL sole,2,2025-04-28
Hammer Axe black/smoke 15 lb,2,2025-04-28
KR TPC Alpha RH Unisex blk/gold size 12,2,2025-04-28
KR Pro Force Glove LH XL,2,2025-04-28
Brunswick shoe covers XL,2,2025-04-28
Storm 78 U 15 lb,2,2025-05-05
Hammer Hammerhead 14 lb,2,2025-05-05
Hammer shoe slide,2,2025-05-05
Dexter S9 Sawtooth sole,2,2025-05-05
Brunswick Rhino carbon/lime/silver 15 lb,2,2025-05-08
Brunswick Nexxus black size 7.5,2,2025-05-08
Turbo Outer Sleeves,2,2025-05-08
Wizard All Season ball Plug Kit,2,2025-05-14
Thumb sock,2,2025-05-14
Brunswick Pro Wrist Support M,2,2025-05-14
Dexter Leading Edge Heel #6,2,2025-05-14
Dexter S8 sole standard,2,2025-05-14
Brunswick Fuze Chaos size 10,2,2025-05-14
Brunswick Fuze Chaos size 10.5,2,2025-05-14
Hammer Power Diesel RH black size 9,2,2025-05-14
KR TPC Alpha RH Unisex blk/gold size 10,2,2025-05-14
Hammer Raw blk/purple/teal 14 lb,2,2025-05-14
Hammer Effect Tour 14 lb,2,2025-05-14
Master Wristmaster II RH S,2,2025-05-14
Master Wristmaster II RH L,2,2025-05-14
Master Wristmaster II RH XL,2,2025-05-14
Sidekick single tote,2,2025-05-14
Storm 78U 15 lb,2,2025-05-16
Brunswick T-Zone Night Sky 10 lb,2,2025-05-18
Brunswick T-Zone Deep Space 15 lb,2,2025-05-18
Motiv Max Thrill Hybrid 14 lb,2,2025-05-18
TG blue 13,2,2025-05-18
C300 Super Cuda PowerCor Pearl 15 lb,2,2025-05-19
Turbo smart grip balls,2,2025-05-28
Storm scented rosin bag,2,2025-05-28
Brunswick Edge single tote black,2,2025-05-28
Brunswick Edge single tote blue,2,2025-05-28
Brunswick Edge single tote grey/black,2,2025-05-28
Brunswick shoe shield XL,2,2025-05-28
Brunswick shoe shield football,2,2025-05-28
Brunswick shoe slider,2,2025-05-28
Storm Pro Max Tape green,2,2025-05-28
Genesis Pro Texx Protective Tape navy,2,2025-05-28
C300 White Dot Wild Orchid 10 lb,2,2025-05-28
Brunswick Mystic blk/pink size 9,2,2025-05-28
C300 White Dot 1 ball tote blk,2,2025-05-28
Dexter #7 sole,2,2025-05-28
TG 1 1/4 blue/purple,2,2025-05-28
JoPo outer sleeves,2,2025-05-28
TG 1 1/4 pink/white,2,2025-05-28
Hammer Raw Hybrid red/smoke/blk 14 lb,2,2025-05-28
Hammer Axe purple/smoke 12 lb,2,2025-06-04
Aviator Red size 13,2,2025-06-04
C300 Triple Boss Roller,2,2025-06-04
Turbo tote,2,2025-06-04
KR Pro Force positioner RH XL,2,2025-06-12
Brunswick T-Zone Carribean Blue 9 lb,2,2025-06-12
C300 grip cream,2,2025-06-12
TG 1 1/4 yellow/orange,2,2025-06-12
TG 1 3/8 blue/purple,2,2025-06-12
TG orange 3,2,2025-06-12
TG white  27,2,2025-06-12
TG pink 7,2,2025-06-12
TG pink  27,2,2025-06-12
TG pink 29,2,2025-06-12
TG pink 53,2,2025-06-12
TG yellow 11,2,2025-06-12
TG yellow 29,2,2025-06-12
TG yellow 47,2,2025-06-12
TG yellow 53,2,2025-06-12
Hammer Black Widow large grip sack,2,2025-06-12
Brunswick Ivory Rhino Pro 13 lbs,2,2025-06-18
Brunswick Rhino cobalt/aqua/teal 12 lb,2,2025-06-18
Vise 13/16 black,2,2025-06-18
Vise 3/4 black,2,2025-06-18
Vise 25/32 black,2,2025-06-18
Vise 25/32 clear,2,2025-06-18
Vise 23/32 black,2,2025-06-18
TG white 53,2,2025-06-18
TG purple 49,2,2025-06-18
TG purple 51,2,2025-06-18
TG purple 53,2,2025-06-18
Radical Spy 15 lb,2,2025-06-23
C300 White Dot Peek-A-Boo Berry 13 lb,2,2025-06-23
Dexter Pro Lite BOA RH 9.5,2,2025-06-23
Vise 47/64 black,2,2025-06-23
Vise 47/64 clear,2,2025-06-23
Set of 3 pitch gauges,2,2025-06-23
Innovative Plug Cutter Blade,2,2025-06-28
Motiv Venom Shock 13 lb,2,2025-06-30
Brunswick Ethos Solid 14 lb,2,2025-06-30
C300 Super Cuda 15 lb,2,2025-06-30
C300 Super Cuda 14 lb,2,2025-06-30
Brunswick Alpha Max shoe 13 W,2,2025-06-30
Brunswick Pizza grip sack,2,2025-06-30
TG white 27,2,2025-06-30
Roto Grip Rockstar 14 lb,2,2025-07-03
Hammer 3D Offset Assault 14 lb,2,2025-07-03
Stormoji Angry Grip Sacks,2,2025-07-08
Motiv Evoke Hysteria 14 lb,2,2025-07-08
Roto Grip X-Cell 14 lb,2,2025-07-08
Storm Identity 14 lb,2,
Brunswick Pro Wrist support M,2,2025-07-09
Brunswick Pro Wrist support L,2,2025-07-09
Brunswick Pro Wrist support XL,2,2025-07-09
Storm Mix blk/purple/pink 14 lb,2,2025-07-09
KR Royal Flush triple roller silver,2,2025-07-09
Brunswick Rhino metallic blue/blk 14 lb,2,2025-07-13
Brunswick Hammer sole #8,2,2025-07-17
Brunswick sole #10,2,2025-07-17
Storm Tropical Surge blk/cherry 15 lb,2,2025-07-17
Brunswick T-zone ocean reef 14 lb,2,2025-07-17
Brunswick Rhino cobalt/aqua/teal 13 lb,2,2025-07-17
Brunswick Rhino cobalt/aqua/teal 15 lb,2,2025-07-17
Strikeforce Aviator blue size 8,2,2025-07-17
Strikeforce Aviator blue size 7.5,2,2025-07-17
Brunswick Alpha size  8,2,2025-07-17
TG clear 11,2,2025-07-17
Brunswick Coast sand size 8.5,2,2025-07-22
Brunswick Nexxus size 8,2,2025-07-22
Brunswick Nexxus size 9,2,2025-07-22
Hammer Bubblegum Vibe 13 lb,2,2025-07-22
C300 White Dot Peek-A-Boo Berry 14 lb,2,2025-07-22
C300 White Dot Diamond 10 lb,2,2025-07-22
Emoji Poo Happens grip sack,2,2025-07-22
Football Shoe Covers,2,2025-07-28
Vise P/O 3/4 black,2,2025-07-28
Vise P/O 11/16 black,2,2025-07-28
Brunswick  Combat 14 lb,2,2025-07-28
Brunswick  Combat 15 lb,2,2025-07-28
Track Paragon Shadow 14 lb,2,2025-07-28
Track Paragon Shadow 15 lb,2,2025-07-28
C300 Pulse 15 lb F-9694,2,2025-07-30
Brunswick T-zone scarlet shadow 14 lb,2,2025-08-08
Brunswick Siege size 12 W,2,2025-08-08
Motiv Evoke Hysteria 13lb,2,2025-08-08
Hammer Arctic Vibe 11lb,2,2025-08-08
Hammer Special Effect 13lb,2,2025-08-08
Brunswick Combat 15 lb,2,2025-08-12
Brunswick Hero 9.5,2,2025-08-12
Radical Torpedo 15 lb,2,2025-08-12
Ebonite Turbo X 16 lb,2,2025-08-12
Hammer Axe purple/pink 11 lb,2,2025-08-18
Brunswick Moves Periwinkle size 9,2,2025-08-18
Motiv Aspire Blk/Red/Gold,2,2025-08-18
Dexter the 9 #10 for size 10.5 shoe,2,2025-08-18
Brunswick T-zone scarlet shadow 10 lb,2,2025-08-18
Brunswick Prism black size 9,2,2025-08-18
Strikeforce joey bag,2,2025-08-18
Turbo triple tote black/orange,2,2025-08-18
"Turbo 1 1/8"" pink/white slug",2,2025-08-18
TG black 5,2,2025-08-18
TG black 43,2,2025-08-18
TG white 25,2,2025-08-18
TG red 13,2,2025-08-18
Hammer Black Widow 2.0 Hybrid 15 lb,2,2025-08-25
Brunswick T-zone caribbean blue 9 lb,2,2025-08-25
Dexter SST 8 white size 10,2,2025-08-25
C300 White Dot Peek-a-boo berry 10 lb,2,2025-08-25
Dexter Raquel Lite RH size 7,2,2025-08-25
Brunswick Prism black size 9.5,2,2025-08-27
Brunswick Coast size 8.5,2,2025-08-27
DV8 Dark Side 14 lb,2,2025-08-27
Brunswick Twist Lime/Purple 12 lb,2,2025-08-27
Roto Grip Hustle X-ray 14 lb,2,2025-08-27
Radical Torpedo Direct Hit 14 lb,2,2025-08-27
"Vise Hada Patch 40 PCS/Bag 1"" Tape aqua",2,2025-08-27
Storm Tropical Surge 10 lb,2,2025-08-27
Hammer Black Widow 3.0 15 lb,2,2025-09-01
Motiv Venom Shock 12 lb,2,2025-09-01
Brunswick Edge single tote,2,2025-09-01
Brunswick Scholar size 10.5,2,2025-09-01
C300 Super Cuda Pearl 14 lb,2,2025-09-01
C300 Super Cuda Pearl 15 lb,2,2025-09-01
Guru Oracle 15 lb,2,2025-09-04
Combat 15 lb,2,2025-09-04
Motiv Max Thrill Solid 15 lb,2,2025-09-07
Hammer Raw Blue/Black/Orange 15 lb,2,2025-09-07
Brunswick T-zone night sky 15 lb,2,2025-09-07
Hammer Raw Smoke/Blue/Gold 10 lb,2,2025-09-07
Dexter Raquel Lite RH size 8,2,2025-09-07
Brunswick Spark Single Tote frozen bliss,2,2025-09-07
C300White Dot Wild Orchid 12 lb,2,2025-09-07
KR Starr white size 7,2,2025-09-07
KR Starr white size 7.5,2,2025-09-07
Hammer Purple Urethane 14 lb,2,2025-09-07
C300 White Dot Peek a Boo Berry 10 lb,2,2025-09-07
Turbo MS 17 Clear,2,2025-09-07
Turbo MS 17 Black,2,2025-09-07
Turbo MS 35 Clear,2,2025-09-07
Turbo MS 35 Black,2,2025-09-07
Turbo MS 9 Clear,2,2025-09-07
Turbo MS 9 Black,2,2025-09-07
Turbo MS 37 Clear,2,2025-09-07
Turbo MS 37 Black,2,2025-09-07
Turbo MS 19 Clear,2,2025-09-07
Turbo MS 19 Black,2,2025-09-07
Turbo MS 39 Clear,2,2025-09-07
Turbo MS 39 Black,2,2025-09-07
Turbo MS 5 Clear,2,2025-09-07
Turbo MS 5 Black,2,2025-09-07
Motiv Pride Liberty 13 lb,2,2025-09-08
Brunswick Twist Blk/Gold/Silver 14 lb,2,2025-09-12
Jopo Inner Blank Black,2,2025-09-12
900 Global shoe brush,2,2025-09-12
Brunswick T-zone berry blast 10 lb,2,2025-09-17
Hammer #6 sole,2,2025-09-17
Hammer Raw blk/purple/teal 13 lb,2,2025-09-17
Nexxus black size 9,2,2025-09-17
Brunswick Twist pink/black 12 lb,2,2025-09-17
KR Hybrid Single Roller purple,2,2025-09-17
Brunswick T-zone Berry Blast 14 lb,2,2025-09-18
Storm single tote purple,2,2025-09-18
C300 White Dot Wild Orchid 8 lb,2,2025-09-18
"Brunswick Strikezone white/teal, size 2",2,2025-09-18
TG neoprene wrister M,2,2025-09-18
TG neoprene wrister L,2,2025-09-18
Hammer Raw Hybrid Red/Smoke/Black 13,2,2025-09-22
Brunswick Rhino magenta 10 lb,2,2025-09-22
Radical Guru Oracle 16 lb,2,2025-09-22
C300 White Dot Wild Orchid 12 lb,2,2025-09-22
Brunswick Twist red/purple 13 lb,2,2025-09-22
Brunswick T-zone Deep Space 8 lb,2,2025-09-22
Brunswick Rhino metallic blue/blk 10 lb,2,2025-09-22
Hammer Raw Blue/Black/Orange 12 lb,2,2025-09-22
Brunswick Sidekick,2,2025-09-22
Dexter sole #8,2,2025-09-22
C300 White Dot Peek-a-boo Berry 14 lb,2,2025-09-25
C300 White Dot blk/purple/silver 10 lb,2,2025-09-25
Brunswick Hero 8.5,2,2025-09-25
Hammer Raw blk/purple/teal 12 lb,2,2025-09-25
Brunswick Rhino metallic blk/blue 10 lb,2,2025-09-25
Turbo fitting tape bulk roll - beige,2,2025-09-25
Brunswick Pro Wrist Support  XL,2,2025-09-25
C300 Pulse 13 lb,2,2025-09-29
Brunswick T-zone night sky 10 lb,2,2025-09-29
Storm 3 Ball Tournament Tote blue/blk,2,2025-09-29
KR Fast Slim Triple Tote white/blk/red,2,2025-09-29
Dexter Turbo Tour RH grey size 9,2,2025-09-29
Dexter Turbo Tour RH grey size 9.5,2,2025-09-29
Dexter Raquel black size 9.5,2,2025-09-29
Brunswick Blast single tote purple,2,2025-09-29
Hammer Raw Hybrid Red/Smoke/Black 14,2,2025-09-29
Brunswick T-zone caribbean blue 10 lb,2,2025-09-29
Brunswick T-zone single tote blue wave,2,2025-09-29
Dexter Pro BOA peach size 7,2,2025-09-29
Dexter Pro BOA peach size 7.5,2,2025-09-29
Brunswick Hero size 13,2,2025-10-06
Brunswick T-zone Deep Space 12 lb,2,2025-10-06
C300 White Dot blk/purple/silver 11 lb,2,2025-10-06
Brunswick T-zone scarlet shadow 11 lb,2,2025-10-06
Brunswick Hero 8,2,2025-10-06
C300 Richocet Return 15 lb,2,2025-10-07
Brunswick Move periwinkle size 8.5,2,2025-10-08
Brunswick Prism black size 13,2,2025-10-08
Radical Torpedo Direct Hit 15 lb,2,2025-10-08
Ebonite The One Ovation 16 lb,2,2025-10-08
Brunswick Rhino purple/black 14 lb,2,2025-10-08
Dexter S8 sole,2,2025-10-08
Dexter S9 sole,2,2025-10-08
Dexter S10 sole XL,2,2025-10-08
Dexter S11 sole XL,2,2025-10-08
Storm IQ Tour 15 lb,2,2025-10-08
Motiv Venom Shock 14 lb,2,2025-10-10
"Jopo 1 3/8"" Inners",2,2025-10-10
Jopo Blank Inners,2,2025-10-10
"Brunswick Strikezone white/teal, size 3",2,2025-10-10
Sliding stones,2,2025-10-10
Brunswick Move Periwinkle size 6,2,2025-10-14
Brunswick Move Periwinkle size 8.5,2,2025-10-14
C300 Ricochet Pearl 14 lb,2,2025-10-14
Hammer Raw red/smoke/blk 13 lb,2,2025-10-14
Brunswick Rhino metallic blue/blk 12 lb,2,2025-10-14
Brunswick T-zone Indigo Swirl 14 lb,2,2025-10-14
Brunswick Hammer #6 sole,2,2025-10-16
Emoji Poop Happens Grip Sack,2,2025-10-16
Brunswick see-saw,2,2025-10-16
Aviator grey camo size 11,2,2025-10-16
Brunswick Alpha Max blk/red size 8.5,2,2025-10-16
"Turbo 1 1/4"" slugs yellow/orange",2,2025-10-16
"Brunswick Strikezone white/teal, size 4",2,2025-10-20
Hammer Widow 3.0 13 lb,2,2025-10-20
Brunswick Move Perwinkle size 6,2,2025-10-20
Brunswick Move Perwinkle size 8,2,2025-10-20
Strikeforce H7 heel large,2,2025-10-20
Brunswick Max Grip Glove RH 2XL,2,2025-10-20
C300 WD Peek-a-boo berry 6 lb,2,2025-10-20
Brunswick Energize 15 lb,2,2025-10-22
Radical Evil Eye 15 lb,2,2025-10-22
Track Criteron Inverse 15 lb,2,2025-10-22
Brunswick Alert 15 lb,2,2025-10-22
Hammer Black Widow Tour V1 15 lb,2,2025-10-22
Brunswick Punisher Double Roller - blue,2,2025-10-22
Brunswick Punisher Double Roller - grey,2,2025-10-22
Brunswick Quick Clean Ball Wipes,2,2025-10-22
Brunswick Pizza Grip Sack,2,2025-10-22
Brunswick Rosin Bag,2,2025-10-22
T-Zone Night Sky 15 lb,2,2025-10-23
Vise grips 0-11,2,2025-10-23
Dexter Ultra Groovy blue size 10,2,2025-10-23
T-Zone Caribbean Blue 10 lb,2,2025-10-23
Hammer Carbon Shield Triple Roller blue,2,2025-10-27
"Vise Hada Patch 40 PCS/Bag 1"" Tape blue",2,2025-10-27
"Vise grips 2-4, 5-8.5",2,2025-10-27
Pro Force Glove RH L,2,2025-10-27
Dexter Pro BOA red/black size 12,2,2025-10-27
Dexter #10 sole XL,2,2025-10-27
Maximum Effect 15 lb,2,2025-10-27
Jopo Aluminum Tool,2,2025-10-30
900 Global Origin 15 lb,2,2025-10-30
C300 White Dot gold/blk/red 9 lb,2,2025-10-30
KR 2 ball backpack,2,2025-10-30
Hammer Raw Tote orange,2,2025-10-30
Brunswick T-zone scarlet shadow 8 lb,2,2025-11-02
Hammer Raw blk/purple/teal  10 lb,2,2025-11-02
Hammer Axe green/smoke 8 lb,2,2025-11-02
Dexter BOA SST 8 parchment LH size 10.5,2,2025-11-02
Storm Typhoon 13 lb,2,2025-11-02
Track Stealth Mode 14 lb,2,2025-11-02
Master wristmaster II XL L,2,2025-11-02
Master wristmaster II XL R,2,2025-11-02
Master wristmaster II S R,2,2025-11-02
Turbo Pursuit Triple Tote,2,2025-11-05
"1 1/4"" thumb slug red/green",2,2025-11-05
Turbo fitting tape mint 30 pc packs,2,2025-11-05
TG green 41,2,2025-11-05
TG green 21,2,2025-11-05
TG green 43,2,2025-11-05
TG green 11,2,2025-11-05
TG green 45,2,2025-11-05
TG yellow 25,2,2025-11-05
TG yellow 27,2,2025-11-05
TG black 45,2,2025-11-05
TG ice 43,2,2025-11-05
TG ice 45,2,2025-11-05
TG ice 23,2,2025-11-05
TG ice 47,2,2025-11-05
"Turbo grip  it shammy 7""",2,2025-11-05
Hammer Axe purple/smoke 10 lb,2,2025-11-10
Tropical Surge emerald 13 lb,2,2025-11-10
Storm Mix black/silver 14 lb,2,2025-11-13
Roto Grip Hustle X-Ray 15 lb,2,2025-11-13
C300 White Dot scarlet/blk/gold 10 lb,2,2025-11-13
Storm Mix red/white 14 lb,2,2025-11-17
Brunswick Rhino cobalt/aqua/teal 10 lb,2,2025-11-17
Roto Grip RST Hyperdrive Pearl 14 lb,2,2025-11-17
C300 White Dor wild orchid 6 lb,2,2025-11-17
Hammer Anger Solid 13 lb,2,2025-11-17
TG green 25,2,2025-11-17
TG yellow 19,2,2025-11-17
TG yellow 41,2,2025-11-17
TG red 41,2,2025-11-17
TG red 49,2,2025-11-17
TG blue 27,2,2025-11-17
TG ice 25,2,2025-11-17
TG orange 25,2,2025-11-17
TG purple 27,2,2025-11-17
Hammer Raw blue/orange 14 lb,2,2025-11-20
Storm Phaze II 14 lb,2,2025-11-20
Dexter SST 8 Pro white/champagne,2,2025-11-20
Brunswick Prism 10.5,2,2025-11-23
Motiv Nebula 14 lb,2,2025-11-23
Motiv Max Thrill blue/red 15 lb,2,2025-11-23
Motiv Evoke Hysteria 13 lb,2,2025-11-23
Hammer ball cup,2,2025-11-23
Brunswick Slingshot size 13,2,2025-11-23
C300 Richocet Return 14 lb,2,2025-11-23
Motiv Jackyl Onyx 16 lb,2,2025-11-24
Dexter #8 sole,2,2025-11-23
C300 Street Rally 14 lb,2,2025-11-25
Brunswick T-Zone deep space 6 lb,2,2025-11-28
Motiv Lethal Venom 14 lb,2,2025-11-28
Brunswick Slide Stone,2,2025-11-28
Dexter Pro BOA blue size 11.5W,2,2025-12-02
Storm Rolling Thunder 3-Ball Roller,2,2025-12-02
Storm IQ Tour 13 lb,2,2025-12-02
Brunswick T-zone bag red,2,2025-12-02
Brunswick T-zone deep space 9 lb,2,2025-12-02
Brunswick T-zone deep space 6 lb,2,2025-12-02
C300 White Dot Wild Orchid 14lb,2,2025-12-08
Brunswick Strikezone White/Teal size 1,2,2025-12-08
Storm Ion Max 15lb,2,2025-12-08
Brunswick Slingshot Black/Grey size 12,2,2025-12-08
Motiv Venom Shock 13lb,2,2025-12-08
Storm Mix Lime/Royal/Custard 13lb,2,2025-12-08
Storm Mix Black/Purple/Pink 10lb,2,2025-12-08
Brunswick Twist Sky/Pink/Snow 10lb,2,2025-12-08
THE 9 slide #10 size 10.5 shoe,2,2025-12-08
Hammer Axe Grey/Smoke 15lb,2,2025-12-08
Brunswick Slingshot size 8.5,2,2025-12-08
"1 1/4"" slugs red/green",2,2025-12-08
"1 1/4"" slugs black/white",2,2025-12-08
KR Strikeforce Arrow red 10.5,2,2025-12-08
Hammer Raw red/smoke 13 lb,2,2025-12-08
Wizard ball plug,2,2025-12-10
JoPo Outer Sleeve,2,2025-12-10
Brunswick slide stone,2,2025-12-10
Dexter T2+ Hyperflex Traction sole large,2,2025-12-11
Brunswick Twist pink/black 10 lb,2,2025-12-11
Brunswick Spark single tote black,2,2025-12-11
Brunswick Alpha size 12,2,2025-12-11
Brunswick Sidekick tote,2,2025-12-11
VIse 4 & 6 PO,2,2025-12-15
Vise 2-6 PO,2,2025-12-15
Hammer Black Urethane 15 lb,2,2025-12-15
Master Giant Rosin Bags,2,2025-12-15
Brunswick Hero size 11,2,2025-12-16
Brunswick T-zone berry blast 9 lb,2,2025-12-16
Brunswick Crown 78 15 lb,2,2025-12-16
Roto Grip Gremlin 12 lb,2,2025-12-16
"Vise 1/2, 7, 7.5, 8.5, 10.5 blk",2,2025-12-24
"Vise 1.5 , 2, 2.5, 3, 3.5, 4, 5, 5.5, 6.5, 7, 7.5, 8,  ice",2,2025-12-24
TG yellow 7,2,2025-12-24
TG green 53,2,2025-12-24
Brunswick Pro Wrist support - M,2,2025-12-24
Motiv Apex Jackyl 14 lb,2,2025-12-24
IQ tour - 15lbs,2,2025-12-24
KR strikeforce Avatiors - Size 8 - Male - Blue,2,2025-12-24
Hammer Raw blue/orange 12 lb,2,2025-12-24
Dexter Pro BOA - Size 10.5 - Red/black,2,2025-12-29
Dexter pro boas - Size 10 - Male - White/grey,2,2025-12-29
KR Flyer Lite black size 10 & 10.5,2,2025-12-29
KR OPP black size 10 & 10.5,2,2025-12-29
KR Flyer Mesh Lite black/royal size 10.5,2,2025-12-29
Brunswick Renegade grey size 10 & 10.5,2,2025-12-29
Brunswick Prism blue size 10.5,2,2025-12-29
Hammer 14 Dynasty 14 lb,2,2025-12-29
Brunswick Strikezone White/Teal size 2,2,2026-01-05
TG blue 39,2,2026-01-05
Brunswick Twist Lavender/Lime 12 lbs.,2,2026-01-05
Danger Zone Solid 15lb,2,2026-01-19
KR Flyer Mesh Lite black/royal size 10.5 W,2,2026-01-05
Brunswick Renegade grey size 10.5,2,2026-01-05
KR OPP Lite black size 10.5,2,2026-01-05
C300 WD scarlet/gold/black 13lb,2,2026-01-05
Hammer Arctic Vibe 15lb,2,2026-01-19
Storm Ion Pro Solid 16 lb,2,2026-01-05
Dexter women’s pro boa light grey/blue size 9.5,2,2026-01-07
White dot purple/black/silver 14lbs,2,2026-01-07
Turbo switch-a-roo,2,2026-01-08
Motiv evoke hysteria 13 lb,2,2026-01-08
hammer widow dynasty 15lbs,2,2026-01-08
"Dexter THE 9, #10 slide pad, medium",2,2026-01-08
Brunswick Zone single roller black,2,2026-01-08
Storm equinox pearl 14lb,2,2026-01-12
Hammer Anger Solid 12 lb,2,2026-01-12
"1 3/8"" thumb slug blue/purple",2,2026-01-12
Dexter S6 blue microfiber sole,2,2026-01-12
Brunswick Strikezone White/Teal size 4,2,2026-01-15
Brunswick Prism blue size 9.5,2,2026-01-15
Jopo outer sleeve,2,2026-01-15
TG yellow 45,2,2026-01-15
TG blue 49,2,2026-01-15
TG orange 23,2,2026-01-15
TG black 29,2,2026-01-15
Hammer Tour V1 13 lb,2,2026-01-15
Football shoe covers,2,2026-01-15
Brunswick shoe shield S,2,2026-01-15
Turbo Rev Wrap M,2,2026-01-15
"Ball: Track Therom Original 15lb 3-4"" pin",2,2026-01-19
Storm Phaze 2 pearl,2,2026-01-19
Storm Ice - 10lbs,2,2026-01-19
Brunswick Prism Size 11,2,2026-01-19
Danger Zone purple ice 13lb,2,2026-01-19
Hammer Axe Purple Smoke 15 lb,2,2026-01-19
Brunswick Strikezone White/Teal size 3,2,2026-01-21
Brunswick Danger Zone Solid - 14 lb,2,2026-01-21
Brunswick Crown Victory 15 lb,2,2026-01-21
Dexter kam camo size 13,2,2026-01-21
Hammer Arctic Vibe 14lb,2,2026-01-21
Hammer Zero Mercy Peal 15 lb,2,2026-01-21
Hammerhead Pearl 13 lb,2,2026-01-21
Dexter S 8 sole,2,2026-01-21
Brunswick Crown 78 U,2,2026-01-21
Vise 3/4 P/O,2,2026-01-21
Vise 11/16 P/O,2,2026-01-21
Turbo blank inner,2,2026-01-24
JoPo blank inner,2,2026-01-24
RST Hyperdrive Pearl 12 lb,2,2026-01-24
Hammer Black Widow Tour V1 13 lb,2,2026-01-24
Ball: black widow tour V1 - 14 lbs,2,2026-01-24
Ball: Hammer NU 2.0 grey 14 lbs,2,2026-01-24
Brunswick Danger Zone 15 lb,2,2026-01-24
Rhino Carbon Lime Silver 13lb,2,2026-01-26
Dexter pro boa lavender size 8,2,2026-01-26
Brunswick t-zone deep space 8 lb,2,2026-01-26
T45 quick plug,2,2026-01-26
Zero Mercy Solid - 13lbs,2,2026-01-26
Hammer Black Widow Dynasty 3.0 15 lb (2),2,2026-01-30
Hammer Tough single tote blue (2),2,2026-01-30
Hammer Tough single tote purple (2),2,2026-01-30
Jopo inner sleeves,2,2026-02-02
Jopo outer sleeves,2,2026-02-02
Turbo inner sleeves,2,2026-02-02
Turbo outer sleeves,2,2026-02-02
"1 1/8"" black/white",2,2026-02-02
TG red 39,2,2026-02-02
TG purple 45,2,2026-02-02
Bag: 3-ball travel tote pro white/teal,2,2026-02-02
Brunswick zone Single ball roller black,2,2026-02-02
Storm Tropical Surge Black Cherry 15 lb,2,2026-02-02
HyRoad (Original) 15 lb,2,2026-02-02
900 Global Vengeance 14 lb,2,2026-02-02
Brunswick/Hammer #8 sole,2,2026-02-09
Brunswick/Hammer #10 sole,2,2026-02-09
black widow dynasty 14 lb,2,2026-02-09
Brunswick Shoe Shield XL,2,2026-02-09
Brunswick Shoe Shield  L,2,2026-02-09
Dexter SST 8 Power Frame BOA white blue size 9,2,2026-02-09
"1 1/8"" slug blue/purple",2,2026-02-09
"1 1/8"" slug red/green",2,2026-02-09
TG orange 13,2,2026-02-09
TG white 39,2,2026-02-09
Brunswick Shoe Shield XXL,2,2026-02-09
Motiv Evoke Mayhem - 14 lb,2,2026-02-09
Rhino Carbon Lime Silver 14lbs,2,2026-02-09
Vise K+ tape,2,2026-02-09
Dxeter S10 sole XL,2,2026-02-09
Danger zone solid - 13lbs,2,2026-02-09
Brunswick Shoe Shield M,2,2026-02-09
Master large puff ball,2,2026-02-09
Hammer Black Widow Tour V1 14lb,2,2026-02-09
Roto grip rst hyperdrive pearl 14 lb,2,2026-02-09
C300 Pulse 14 lbs,2,2026-02-09
Brunswick T-zone deep space 14 lbs,2,2026-02-09
14lb black widow dynasty,2,2026-02-09
Hammer Nu 2.0 - 14lbs,2,2026-02-09
Rotogrip Transformer 15 lb,2,2026-02-09
"1 1/4"" slug orange/yellow",2,2026-02-12
"1 1/8"" slug pink/white",2,2026-02-12
"1 1/4"" blue/purple",2,2026-02-12
Hammer Zero mercy Solid 15 lb,2,2026-02-12
Brunswick Tzone Deep Space - 11lbs,2,2026-02-12
Lady Fanatic - Size 8.5 and 9  Pink/black/white,2,2026-02-12
C300 White Dot Wild Orchid - 11lbs,2,2026-02-12
Lady Fantic - Size 8.5 - Female - Pink,2,2026-02-12
C300 White Dot mint frost 13 lb,2,2026-02-16
C300 Piranha 14 lb,2,2026-02-16
Dexter #7 heel,2,2026-02-16
Brunswick shoe shield M & XXL,2,2026-02-16
Turbo wrister M,2,2026-02-16
Hammer Black Widow Special Edition Triple Tote,2,2026-02-17
Pin Pals,2,2026-02-17
Motiv nebula 15 lbs,2,2026-02-20
"1 1/8"" slug yellow/orange",2,2026-02-20
Brunswick Big B Ball Cleaner 32 oz,2,2026-02-20
TG purple 47,2,2026-02-20
TG yellow 5,2,2026-02-20
Brunswick Coast - Size 11 - Female - Black,2,2026-02-20
Brunswick Hero size 12,2,2026-02-20
Danger zone solid - 14lbs,2,2026-02-20
Master Giant puff ball,2,2026-02-20
Dexter #8 sole standard,2,2026-02-20
Brunswick Hero size 10.5,2,2026-02-20
Brunswick Rhino Red Black Gold 12 lb,2,2026-02-20
Entity Pearl - 14lbs,2,2026-02-20
Hammer Black Widow Viz-a-ball 14 lb,2,2026-02-23
Brunswick Sidekick Single Tote,2,2026-02-23
TG blue 25,2,2026-03-02
TG blue 41,2,2026-03-02
TG orange 47,2,2026-03-02
TG red 27,2,2026-03-02
TG white 7,2,2026-03-02
JoPo removal tool,2,2026-03-02
Brunswick Twist sky blue/pink/snow 10 lb,2,2026-03-02
Storm Concept - 15 lbs,2,2026-03-02
Brunswick Move size 8.5,2,2026-03-02
Hammer zero mercy pearl 14 lb,2,2026-03-02
Hammer Black Widow Dynasty 3.0 14 lb,2,2026-03-02
Hammer Dye Sub Triple Tote Pink Arrows,2,2026-03-02
Roto Grip Gremlin Tour X 15lbs,2,2026-03-09
KR Hybrid single roller pink,2,2026-03-09
C300 White Dot wild orchid 10 lbs,2,2026-03-09
Brunswick Prism 12,2,2026-03-09
Storm arc ruler,2,2026-03-09
Hammer Black Widow Dynasty 3.0 12 lb,2,2026-03-09
Hammer Zero Mercy Pearl 15 lbs,2,2026-03-09
Rhino Red Black Gold 14 lb.,2,2026-03-09
Brunswick Big B ball cleaner,2,2026-03-09
KR shoe cover L,2,2026-03-09
KR shoe cover XXL,2,2026-03-09
wrist support M,2,2026-03-09
Brunswick T-zone indigo swirl 11 lb,2,2026-03-09
C300 White Dot black/purple/silver 11 lb,2,2026-03-09
Synthesis Track - 15lbs,2,2026-03-09
Storm concept 15lb,2,2026-03-09
Roto Grip Transformer 14lb,2,2026-03-09
14lb Zero Mercy Solid,2,2026-03-09
Ball: Storm Bionic 14 lb.,2,2026-03-09
Storm Ion Max Pearl - 15 lbs,2,2026-03-16
Brunswick Move size 7.5,2,2026-03-16
Roto Gremlin Tour X 14 lb,2,2026-03-16
Motiv VENOM SHOCK 14lb,2,2026-03-16
Roto Grip Transformer - 16lbs,2,2026-03-16
Storm bionic 16 lb,2,2026-03-16
kr Strikeforce Aviator Blue  - Size 8.5,2,2026-03-16
2 - 15 lb Phase 2 original balls.  I need one drilled for me and 1 drilled for Chloe.,2,2026-03-16
Tropical Surge emerald/charcoal - 10lbs,2,2026-03-16
Hammer purple pearl 78D urethane 15lb,2,2026-03-16
900 global viking 14 lb,2,2026-03-16
"1 1/4"" thumb slug white/pink",2,2026-03-16
"1 1/4"" thumb slug orange/yellow",2,2026-03-16
Hammer Balck Widow Triple Tote blue (2),2,2026-03-16
KR Pro Force Glove RH XL,2,2026-03-23
Hammer Full Effect 15Ib,2,2026-03-23
Hammer Full Effect 14 lb(for my dad),2,2026-03-23
Storm concept 14lb.,2,2026-03-23
Pulse - 15lbs,2,2026-03-23
15lb Strikeforce polyester (blue/black/silver),2,2026-03-23
15lb Strikeforce polyester (purple/royal/silver),2,2026-03-23
900 global Vengeance - 15lbs,2,2026-03-23
Stealth Mode Hybrid 14 lbs,2,2026-03-23
Hammer HammerHead Pearl 14 lbs,2,2026-03-23
Danger zone pearl - 13lbs,2,2026-03-23
Hammer purple 78d 15 lb,2,2026-03-23
Motiv Max Thrill Hybrid 14 (blue purple),2,2026-03-23
Hammer Effect Tour - 16 Pounds,2,2026-03-30
Black widow 3.0 dynasty 16lb,2,2026-03-30
Vise 2000 sanding disks,2,2026-03-30
Visse 3000 sanding disks,2,2026-03-30
Tzone night sky 15lbs,2,2026-03-30
Track Stealth Mode Hybrid 14lb,2,2026-03-30
Brunswick Punisher Double roller - blue,2,2026-03-30
Hammer NU 2.0 — 14 lb,2,2026-03-30
Brunswick Prism - Size 10.5 - Male - Black,2,2026-03-30
Hammer tour v1 14lb,2,2026-03-30
Hammer zero mercy pearl 14,2,2026-03-30
Vise IT thumb slug bottoms,2,2026-03-30
Storm Concept 15 lbs,2,2026-03-30
JoPo twist tool (4),2,2026-03-30
JoPo Twist Tool,2,2026-03-30
Radical Snapshot Hybrid 14 lb,2,2026-03-30
Purple hammer 78d 15lb,2,2026-04-07
Storm Bionic 16 LB,2,2026-04-07
KR Mens Arrow FT Black Neon Size 8 1/2 left handed.,2,2026-04-07
Hammer Full effect 15 lb (2),2,2026-04-07
"TG yellow 39, 21, 3",2,2026-04-07
"TG orange 21, 11",2,2026-04-07
"TG clear 21, 23, 25,",2,2026-04-07
"TG black 5, 45, 47, 25, 51, 13, 53",2,2026-04-07
"Turbo 1 3/8"" thumb slug red/green (10)",2,2026-04-07
"Turbo MS clear 35, 41, 21, 43, 45 (1)",2,2026-04-07
"Turbo MS clear 11, 23, 47, 3 (3)",2,2026-04-07
"Turbo MS black 9 (1) 41, 45 (2) 43 (3)",2,2026-04-07
JoPo Twist Tool (2),2,2026-04-07
Turbo Outer Sleeves (30),2,2026-04-07
Hammer Full Effect,2,2026-04-07
Storm Concept 15 lb (2),2,2026-04-10
Storm concept 15 lb,2,2026-04-10
Storm Ice - 15lbs,2,2026-04-10
Brunswick T-zone ocean reef 11 lb,2,2026-04-10
Brunswick Coast size 8.5 & 9,2,2026-04-10
Danger zone purple ice 14lb,2,2026-04-10
Brunswick Danger Zone 14 lb,2,2026-04-10
Hammer Black Widow 3.0 Dyansty 14 lb,2,2026-04-13
Hammer hammered pearl 14 lb,2,2026-04-13
Hammer arctic vibe 14lb,2,2026-04-13
ION Pro Solid 15 lb,2,2026-04-13
Bunswick Big b ball cleaner (12),2,2026-04-13
Brunswick Move - Size 10 black,2,2026-04-15
Ball: Hammer Zero Mercy solid 14 lb & Ball Hamme Zero Mercy Pearl 14 lb,2,2026-04-15
Dexter SST S10 (2),2,2026-04-15
Dexter SST S10 XL (2),2,2026-04-15
Dexter SST S8 (2),2,2026-04-15
Brunswick Big B ball cleaner (12),2,2026-04-15
Lime/Green Rhino 12lb,2,2026-04-15
Jopo Inner sleeves (20),2,2026-04-15
KR Pro Force glove LH L,2,2026-04-15
KR Pro Force glove RH L,2,2026-04-15
KR Pro Force glove RH M,2,2026-04-15
"TG black 19 (5), 45 (10)",2,2026-04-15
"TG white 19, 43 (5), 25, 41, 45 (10)",2,2026-04-15
"TG green  5, 7, 27 (5), 3, 25 (10)",2,2026-04-15
"TG red 53 (1), 5, 51 (5), 21, 41, 49 (10)",2,2026-04-15
"TG yellow 5, 11, 23 (5) - got 2 11's and got 3 3's",2,2026-04-15
"TG purple 45, 47 (10)",2,2026-04-15
"TG orange 23, 25 (10)",2,2026-04-15
"TG clear 11 (5), 25 (2)",2,2026-04-15
"TG pink 13, 51 (5)",2,2026-04-15
"TG blue 11, 39, 47 (5)",2,2026-04-15
Dexter women's pro boa - Size 8 1/2 - Female - Lavender white,2,2026-04-16
Storm Equinox Solid 15 lb,2,2026-04-16
Storm Hyroad 40 Pearl Teal 15 lb,2,2026-04-16
KR Drive Triple Roller navy (3),2,2026-06-01
Brunswick Edge Double Roller blue (3),2,2026-06-01
Brunswick Edge Double Roller blue (1),2,2026-06-01
Hammer Tough Tote - orange (2) purple (4),2,2026-06-01
Dexter SST 6 Hybrid BOA red/black size 8,2,2026-06-01
Dexter SST 6 Hybrid BOA red/black size 8.5,2,2026-06-01
Dexter SST 6 Hybrid BOA red/black size 9,2,2026-06-01
Dexter SST 6 Hybrid BOA red/black size 9.5,2,2026-06-01
Dexter SST 6 Hybrid BOA red/black size 10.5,2,2026-06-01
Dexter SST 6 Hybrid BOA red/black size 11.5,2,2026-06-01
Dexter SST 6 Hybrid BOA red/black size 12,2,2026-06-01
Dexter SST 6 Hybrid BOA red/black size 13,2,2026-06-01
Storm Ion Max Pearl 14 & 15 lb,2,2026-06-01
Roto Grip Transformer - 14 lb,2,2026-06-01
Storm Bionic 14 lb (2),2,2026-06-01
Roto Grip Gremlin Tour X 14 & 15 lb,2,2026-06-01
Storm Phaze II Pearl 14 & 15 lb,2,2026-06-01
Hammer Purple 78 D 14 & 15 lb,2,2026-06-01
Hammer Black Widow Dynasty 14 lb,2,2026-06-01
Motiv venom hysteria 15,2,2026-04-20
Brunswick edge single tote lime,2,2026-04-20
Hammer tour v1 14 lb,2,2026-04-20
Hammer Purple Pearl Urethane 15 lb,2,2026-04-20
Vise K+ tape (5),2,2026-04-20
IQ Tour,2,2026-04-20
Storm Ice gold/black 15 lb,2,2026-04-20
Storm Mix silver 15 lb,2,2026-04-20
"Turbo 1"" roll tape  mint",2,2026-04-20
Dexer Pro BOA black/leopard size 7.5,2,2026-04-20
Storm Concept — 14 lb,2,2026-04-20
Brunswick Danger Zone Bowling Ball BLACK Size 14,2,2026-04-20
dexter h6 LE heel shoe size 10.5,2,2026-04-20
Dexter h7 heel shoe size 10.5,2,2026-04-20
Brunswick Prism size 8.5,2,2026-04-20
Hammer Black Widow 3.0 Dynasty — 16 lb,2,2026-04-20
Ball: Storm Monsoon 14lb,2,2026-04-27
Storm Monsoon 15lb (3),2,2026-04-27
TROPICAL SURGE BLACK-BLUE-PINK - 15lb,2,2026-04-27
Hammer purple pearl urethane 78d 14 lb,2,2026-04-27
Motiv Venom Shock — 15 lb,2,2026-04-27
Roto Grip Transformer 14 lb,2,2026-04-27
Ion Max - 14lbs,2,2026-04-27
Brunswick Slingshot - Size 10 WW - Male - Black,2,2026-04-27
Hammer Night Diesel 10 1/2 RH,2,2026-04-27
Kr Strikeforce maui grey youth girls size 3,2,2026-04-27
Hammer Shoe Slides,2,2026-04-27
Shoe brush,2,2026-04-27
Slide stone,2,2026-04-27
Poop emoji grip sack (5),2,2026-04-27
Turbo wrist wrap L,2,2026-04-27
sidekick tote,2,2026-04-27
Motiv Venom Hysteria 15 lb (2),2,2026-04-27
Hammer black widow dynasty 14 lb,2,2026-04-27
"1 1/4"" red/green thumb slug (10)",2,2026-04-27
"1 1/4"" blue/purple thumb slug (10)",2,2026-04-27
Vise 500 sanding pads (2),2,2026-04-27
Vise 1000 sanding pads (2),2,2026-04-27
Hammer May release 14 lb,2,2026-05-01
Hammer May release 15 lb,2,2026-05-01
Rocket AI - 15lb,2,2026-05-04
Storm Monsoon 13lb,2,2026-05-04
Storm Monsoon — 12 lb,2,2026-05-04
Dexter SST 6 Hybrid BOA red/black size 7,2,2026-05-04
Brunswick TZone Peek-A-Boo Berry — 15 lb,2,2026-05-04
KR Stay Dry Shoe Cover XL,2,2026-05-04
Bionic - 15lb,2,2026-05-04
14 lb hammer effect tour(for my dad),2,2026-05-04
"KR Pro Force Glove RH M & L, LH M",2,2026-05-04
Vise K + tape  (10),2,2026-05-04
Dexter S10 sole,2,2026-05-04
Brunswick Alert — 15 lb,2,2026-05-04
"Hammer Tough Tote - org, blu, blk, pur (2)",2,2026-05-04
Brunswick Shoe Shield M (2),2,2026-05-11
Brunswick Quick Clean Ball Wipes (2),2,2026-05-11
TG slugs 1 1/4 yellow/orange (10),2,2026-05-11
TG purple 21 (10),2,2026-05-11
TG red 23 (5),2,2026-05-11
TG blue 5 (5),2,2026-05-11
TG orange 43 (10),2,2026-05-11
Brunswick Slide Stone (2),2,2026-05-11
Track Synthesis — 15 lb,2,2026-05-11
Dexter Pro BOA teal/grey size 8,2,2026-05-11
Brunswick Rhino red/black/yellow 13 lb,2,2026-05-11
Brunswick Danger Zone Solid 15 lb (2),2,2026-05-11
Motiv Black Venom - 13lbs,2,2026-05-21
White Dot Black/Purple/Silver 10 lb,2,2026-05-21
Wizard 3 to 1 ball plug gallon kit (2),2,2026-05-21
White Dot Lime Swirl 10 lb,2,2026-05-21
Hammer ball cup (2),2,2026-05-21
"TG yellow 11, 23, 45, 49",2,2026-05-21
"TG orange 3, 19",2,2026-05-21
"TG red 43, 45",2,2026-05-21
Danger zone Solid - 14lbs,2,2026-05-21
Radical Revenge Solid 14lb,2,2026-05-21
Ebonite GB5 Hybrid 14 lb,2,2026-05-21
Hammer Axe pink/purple 14 lb,2,2026-05-21
Storm Ion Pro Solid — 15 lb,2,2026-05-21
Radical Outer Limits Black Hole 14lb lighter side,2,2026-05-21
Kr Strikeforce maui grey youth girls size 4,2,2026-05-21
Roto Grip Rockstar Amped 15 lb,2,2026-05-21
900 Global Viking 15 lb,2,2026-05-21
Storm Ice spare ball 15 lb,2,2026-05-21
wrist support medium,2,2026-05-21
Large shoe cover,2,2026-05-21
Hammer Raw Solid Black/Grey — 15 lb,2,2026-05-21
Hammer Raw Hybrid Blue/Black/Orange — 15 lb,2,2026-05-21
Storm Pro Max tape (2),2,2026-05-21
Hammer Hammerhead pearl 14 lb,2,2026-05-26
Ebonite Gamebreaker 5 Solid 15 lb,2,2026-05-26
Motiv ascend red/yellow 14lb,2,2026-05-26
Brunswick TZone Ocean Reef- 15 lbs,2,2026-05-26
Brunswick TZone Wild Orchid — 12 lb,2,2026-05-26
14lb Bionic,2,2026-05-26
15lb Ion Max Pearl,2,2026-05-26
15lb monsoon,2,2026-05-26
Brunswick Danger Zone solid — 12 lb,2,2026-05-26
Storm Phaze II — 14 lb,2,2026-05-26
Storm Tropical Surge Solid Black/Blue/Pink — 11 lb,2,2026-05-26
Turbo fitting tape blue (10),2,2026-05-28
Dexter S10 sole (2),2,2026-05-28
Brunswick Shoe cover S,2,2026-05-28
KR Shoe cover XL,2,2026-05-28
"Turbo 1"" Tape Roll mint",2,2026-05-28
"Turbo 1"" Tape Roll beige",2,2026-05-28
Brunswick Renegade - Size 10W,2,2026-06-02
Brunswick Renegade - Size 10 1/2W,2,2026-06-02
Hammer Spawn — 15 lb,2,2026-06-08
Hammer Zero Mercy Pearl — 14 lb,2,2026-06-08
Brunswick move periwinkle size 9.5,2,2026-06-08
Black Hammer Pearl Urethane 78D - 15lb,2,2026-06-08
Storm Monsoon 15 lb,2,2026-06-11
Master Giant Rosin Bag (2),2,2026-06-11
Hammer Axe Purple/Pink 15lb,2,2026-06-11
Hammer Arctic Vibe White Purple 15 lb,2,2026-06-11
Brunswick Edge single tote grey/black (5),2,2026-06-11
"TG purple 23, 51",2,2026-06-22
"TG yellow 21, 23, 43",2,2026-06-22
"TG red 11, 13",2,2026-06-22
TG pink 11,2,2026-06-22
"TG blue 21, 45",2,2026-06-22
Vise sanding pads 2000 (2),2,2026-06-22
Jopo outer sleeves (30),2,2026-06-22
"JoPo inner half n half 1 3/8"" (10)",2,2026-06-22
"Turbo inner half n half 1 3/8"" (10)",2,2026-06-22
"Turbo 1 1/4"" slug black/white (10)",2,2026-06-22
Motiv Venom Hysteria - 13lbs,2,2026-06-22
Storm Monsoon — 13 lb,2,2026-06-22
Brunswick Renegade blue mesh size 6.5,2,2026-06-22
Brunswick Renegade blue mesh size 7,2,2026-06-22
Storm mix black and white 15lb,2,2026-06-22
Hammer Deep Ocean Vibe 14 lb,2,2026-06-23
Heckler Taunt 15 lb,2,2026-06-25
Paragon Fire 15 lb,2,2026-06-25
Spartan Pearl 15 lb,2,2026-06-25
Fallout 15 lb,2,2026-06-25
Storm Mix Black/Purple/Pink — 15 lb,2,2026-06-25
KR joey bag black (2),2,2026-06-25
Hammer premium towel (6),2,2026-06-25
Hammer Zero Mercy Pearl 14lb,2,2026-06-30
Hammer Zero mercy pearl 15 lb,2,2026-06-30
Storm Monsoon 14 lb,2,2026-06-30
Roto Grip Hustle VP 15lb,2,2026-07-07
Storm Tropical Surge Apple Kiwi Avocado 15lb,2,2026-07-07
Roto grip Hyped Up 15 lb,2,2026-07-07
Hammer Raw Solid Black/Grey — 14 lb,2,2026-07-07
Brunswick TZone night sky 15 lb,2,2026-07-07
Turbo tournament tote,2,2026-07-07
Phaze 2 solid - 15 lb,2,2026-07-07
Radical No Doubt Hybrid — 12 lb,2,2026-07-13
Fallout 14lb,2,2026-07-13
Storm Alpha Crux — 14 lb,2,2026-07-13
Dexter Trixie white/black/purple size 9,2,2026-07-13
Dexter SST6 Hybrid BOA size 11,2,2026-07-13
Jopo outer sleeves (50),2,2026-07-13
JoPo inner sleeves (20),2,2026-07-13
Vise sanding pad (2),2,2026-07-13
TG black 23 (10),2,2026-07-13
Turbo fitting tape mint (6),2,2026-07-14
Turbo fitting tape purple (6),2,2026-07-14
Turbo inner sleeve (10),2,2026-07-14
Turbo NX inner sleeve (10),2,2026-07-14
Turbo outer sleeve (10),2,2026-07-14
Trubo NX outer sleeve (10),2,2026-07-14
Turbo slugs blue/purple 1 1/4 (10),2,2026-07-14
"Turbo quad black 5, 11, 21 (20)",2,2026-07-14
"Turbo quad black 43,45,47,49 (10)",2,2026-07-14
Turbo quad red 5 (10),2,2026-07-14
"Turbo quad white 5, 41 (10)",2,2026-07-14
"Turbo quad yellow 5, 11, 47 (10)",2,2026-07-14
"Turbo quad green 3,5,11,21,43 (10)",2,2026-07-14
"Turbo quad purple 3,23,25,43,45,47 (10)",2,2026-07-14
"Turbo quad blue 11,23,43 (10)",2,2026-07-14
"Turbo quad ice 3,25,43,45,47 (10)",2,2026-07-14
Turbo quad pink 21 (10),2,2026-07-14
"Turbo quad orange 23,43 (10)",2,2026-07-14
Storm tropical surge black/blue/pink 14 lb,2,2026-07-18
Storm Alpha Crux — 15 lb,2,2026-07-18
Hammer Black Widow Tour V1 — 14 lb,2,2026-07-18
Brunswick Fury Pink/Ice/Silver Pearl — 9 lb,2,2026-07-18
900Global Vengeance — 15 lb,2,2026-07-18
Storm concept 16 lbs,2,2026-07-30
Storm Ion Max — 15 lb,2,2026-08-06
Track Theorem Delta — 16 lb,2,2026-08-06
Motiv Vault 3 Ball Triple Roller midnight blue,2,2026-08-06
Brunswick TZone Indigo Swirl — 14 lb,2,2026-08-06
IQ Tour Solid 16 lb,2,2026-08-06
Storm Alpha Crux 14 lb,2,2026-08-06
IQ Tour Sapphire 15lbs,2,2026-08-16
Storm IQ tour Sapphire 15 lb,2,2026-08-16
Item,1,
Brunswick Shoe Shield  XL,1,2026-02-09
Turbo fitting tape bulk roll blue,1,
Turbo fitting tape bulk roll mint,1,
Turbo fitting tape bulk roll beige,1,
"Vise black 2, 2.5, 3, 3.5, 4.5, 5, 5.5 (3)",1,
"Vise clear 3, 3.5, 4.5, 5, 5.5 (3)",1,
Dexter turbo Boa's wide size 7.5 and 8,1,
Brunswick TZone Deep Space — 12 lb,1,
DV8 Intense Collision 15 lb,1,2026-08-10
Brunswick Combat Solid 14 lb,1,2026-08-10
Brunswick Infinity Quest Pearl 15 lb,1,2026-08-10
Track Theorem Delta 15 lb,1,2026-08-10
Ebonite Spartan Pearl 14 lb,1,2026-08-10
Radical Outer Limits Black Hole 14 lb,1,2026-08-10
Storm Hy-Road 40 Pearl 15 lb,1,2026-08-10
Storm Hy-Road 40 Pearl 12 lb,1,2026-08-10
Brunswick Big B ball cleaner 8 oz (48),1,2026-08-10
Brunswick Big B ball cleaner 1 gallon,1,2026-08-10
Crown Factory Compound,1,2026-08-10
Crown Factory Polish,1,2026-08-10
Brunswick Shoe cover S/M (5),1,2026-08-10
Brunswick Shoe cover L/XL (10),1,2026-08-10
Brunswick Shoe cover XXL (5),1,2026-08-10
Brunswick shoe slide (15),1,2026-08-10
Hammer shoe slide (15),1,2026-08-10
Brusnwick slide stone (5),1,2026-08-10
Brunswick rosin bag (24),1,2026-08-10
Brunswick sole #8 (5),1,2026-08-10
Brunswick sole #10 (10),1,2026-08-10
Hammer Premium towel (25),1,2026-08-10
Hammer shoe brush (5),1,2026-08-10
"Hammer 3/4"" white tape (10)",1,2026-08-10
"Hammer 1"" white tape (20)",1,2026-08-10
Hammer Black Widow large grip sacks (15),1,2026-08-10
Vise sanding pads 500 1000 1500 (10),1,2026-08-10
Vise sanding pads 2000 3000 4000 (6),1,2026-08-10
Vise K+ tape (48),1,2026-08-10
KR Pro Force glove RH S M L XL (2),1,2026-08-10
KR Pro Force glove LH S,1,2026-08-10
Storm Power Edge quart,1,2026-08-10
Master Giant Puff Ball (12),1,2026-08-10
JoPo outer black (96),1,2026-08-10
JoPo outer black (24),1,2026-08-10
Turbo Switch Grip NX outer sleeves (100),1,2026-08-10
Turbo Switch Grip NX inner sleeves (40),1,2026-08-10
"Turbo 1 1/4"" slug black/white (100)",1,2026-08-10
"Turbo 1 1/4"" slug yellow/orange (100)",1,2026-08-10
"Turbo 1 1/4"" slug blue/purple (100)",1,2026-08-10
"Turbo 1 3/8"" slug blue/purple (20)",1,2026-08-10
"Turbo 1 1/4"" slug red/green (100)",1,2026-08-10
"Turbo 1 3/8"" slug red/green (10)",1,2026-08-10
"Turbo 1 1/4""slug pink/white (50)",1,2026-08-10
Turbo smart grip ball (20),1,2026-08-10
Turbo T45 ball plug (4),1,2026-08-10
Turbo super dams circle (10),1,2026-08-10
Turbo super dams oval (10),1,2026-08-10
Turbo drilling reamer,1,2026-08-10
Turbo plug cutter,1,2026-08-10
Turbo fitting tape 30 piece blue (12),1,2026-08-10
Turbo fitting tape 30 piece beige (6),1,2026-08-10
Turbo fitting tape 30 piece purple (6),1,2026-08-10
Turbo fitting tape 30 piece mint (6),1,2026-08-10
"Vise black 2, 2.5, 3, 3.5, 4.5, 5, 5.5, 6, 7, 7.5 (5)",1,2026-08-10
"Vise clear 3, 3.5, 4.5, 5, 5.5, 6 (5)",1,2026-08-10
Brunswick Fusion grey RH 10,1,2026-08-10
Brunswick Fusion grey RH 8W,1,2026-08-10
Dexter SST8 Power Frame BOA blue/red wide 9.5,1,2026-08-10
Hammer Black Urethane 14 lb,1,2026-08-10
Hammer Axe Smoke Gray 15 lbs,1,2026-08-10
Hammer Zero Mercy Solid 14,1,2026-08-11
T zone ocean reef 6 lb,1,2026-08-16
900 Global Vengance 15 lb,1,2026-08-16
Brunswick T-zone indigo swirl 15 lb,1,2026-08-16
Brunswick Move Perriwinkle size 7.5,1,2026-08-16
T zone berry blast 12 lb.,1,2026-08-16
Brunswick Rhino Purple/Pink/Berry Pearl 12 lb,1,2026-08-16
IQ Tour 78u - 15 lbs,1,2026-08-16
Brunswick t-zone peek a boo berry 15 lb,1,2026-08-16
Brunswick Fury emerald black 12 lb,1,2026-08-18
Roto Grip Hustle X-Ray Solid — 14 lb,1,2026-08-24
T zone Peek a boo berry 8 lb,1,2026-08-24
Kr Hybrid Single Roller Purple,1,2026-08-24
Brunswick Lady Fanatic pink/black 7.5,1,2026-08-24
Dexter SST 8 blue/white size 9,1,2026-08-24
DV8 Heckler Taunt - 15lbs,1,2026-08-24
Ball: !Q Tour Sapphire - 15lbs,1,2026-08-24
Master Wristmaster II LH XL,1,2026-08-24
Kr Pro Force glove RH L,1,2026-08-24
T-zone peek a boo berry 13 lb,1,2026-08-24
Brunswick Fury. Red blue black 12,1,2026-08-26
Storm Ice Storm Ocean Blue — 15 lb,1,2026-08-26
Hammer Black Widow Double Tote,1,2026-08-26
Storm IQ Sapphire 15 lb,1,2026-08-26
Accessories: 2x Dexter THE 9 Slide S8 Slide Sole Large,1,2026-08-26
Brunswick Fury orange red - 11lbs,1,2026-08-26
Hammer Axe Purple Smoke - 14lbs,1,2026-08-26
Brunswick Siege 13 Left Hand - Size 13 - Male - N/a,1,
Storm Equinox Hybrid 15 lb,1,2026-08-26
t-zone ocean reef 15 lb,1,
KR Drive Triple Roller navy (2),1,2026-06-01
Brunswick Edge Double Roller blue (5),1,2026-06-01
Kr Strikeforce maui grey youth girls size 3 and 4,1,2026-04-27
Turbo small twist tool,1,
"Turbo 1"" roll tape  blue",1,
